lzhthr.com;,180.186.1.36;
____.com;____.cn;____.__;,180.186.1.135;
cnquake.com;,125.65.111.93;
cd-pxsm.com;,180.186.1.36;
itgogo.cn;,125.65.109.73;
___.com;sczjj.com;,180.186.1.140;
schuituo.com;,118.123.213.72;
sunny028.com;,180.186.1.36;
cnsfia.com;,118.123.213.29;
scdckn.com;,180.186.1.36;
yaolongchem.com;,96.44.137.130;
gsauto.net;,180.186.1.36;
cuker.com;,61.152.169.219;
padce.com;,180.186.1.36;
dylbpx.com;,118.123.9.68;
0817china.com;szxgair.com;olnc.cn;,124.172.110.184;
lyjp.cn;,180.186.1.140;
wangweishu.com;,180.186.1.36;
xbyygl.com;,180.186.1.36;
thanble.com;,96.44.137.130;
atmbec.com;,125.65.46.69;
kxdai.com;,125.65.46.69;
popsl.com.cn;,125.65.111.75;
huaya198.com;,125.65.46.18;
cwgel.com;,125.65.111.108;
pinrui-soft.com;xnyq114.com;tjh2011.com;,61.139.126.43;220.166.63.95;
herolaw.net;,125.65.46.18;
byflower.net;,125.65.46.11;
69led.com;,125.65.111.25;
zx3led.com;,60.191.231.136;
v-too.net;v-too.cn;v-too.com.cn;,118.123.213.20;
tjyer.com;,124.172.125.93;
sapdm.org;,118.123.9.14;
lzxldb.com;,125.65.111.75;
scyibo.com;,124.172.125.93;
sc-yibo.com;,125.64.16.155;
qinbaw.com;,61.191.188.142;
aom.cc;,61.191.188.142;
wearable-computing.cn;,180.186.1.140;
cdshengjie.com;,118.123.9.20;
cdtcy.com;,61.139.8.100;
cdjsblm.com;,180.186.1.140;
teaexpo.org;,125.65.46.11;
jiameidoors.com;,125.65.111.76;
xjxsjxx.com;,180.186.1.140;
scznpx.com;,180.186.1.136;
cdduobang.com;,125.65.111.92;
0817ncls.com;,124.172.125.93;
maisonmix.com;i6zy.com;,118.123.213.74;118.123.6.59;
xdyzy.com;,118.123.213.45;
ssxf888.com;,112.65.232.85;
dreamservice.com.cn;dreamservice.cn;,61.152.96.110;
xcloud.cc;xiaoyun.cc;xiaoyun.me;,42.121.80.167;118.123.213.101;
cdxst.com.cn;,118.123.213.72;
ygqihang.com;,124.172.110.184;
zgcrown.com;,123.71.255.155;
qljyj.com;qljyj.gov.cn;,125.65.111.21;
triascg.com;,118.123.9.68;
triasedu.com;,118.123.9.68;
volcano-dancers.com;,118.123.213.25;
myzp.com.cn;,180.186.1.139;
deartour.com;,118.123.213.34;
82009188.com;,117.135.131.131;118.123.213.34;
lznyw.cn;lzxf.gov.cn;,211.101.17.136;
xbdnjy.com;,180.186.1.136;
qlnjxx.com;,123.71.255.155;
notepc.com.cn;,125.65.109.73;
noteshop.net;,125.65.109.73;
serviceshop.com.cn;,125.65.109.73;
servicesit.cn;,125.65.109.73;
servicesit.com.cn;,125.65.109.73;
sincereservice.cn;,125.65.109.73;
xcshop.cn;,125.65.109.73;
xcshop.com.cn;,125.65.109.73;
51grape.com;mygrape.cn;,60.195.249.18;
99cc.cc;,125.65.109.95;
barnestest-china.com;barnestest.com.cn;barnestest.cn;,125.65.111.75;
sunynn.com;,180.186.1.32;
c-hcm.com;,118.123.213.74;
ziyangstone.com;,125.65.111.76;
ateli.com.cn;,118.123.213.86;
hmecw.com.cn;hmecw.cn;bjaj.org;hmw01.com;hmecw.com;hmecw.net;huanie.com;hmecw.org;echmw.com;bjaj.net;echmw.net;ehm.cc;echmw.org;,118.123.213.86;
wjxinlin.com;christmassticker.com;plastictablemat.com;tablemat.org;imb2b.cn;52cthh.com;52cthh.net;52cthh.cn;,118.123.213.86;
huapol.net;huapol.org;wuliou.com;huapol.com.cn;huapol.cn;echmw.cn;echmw.com.cn;huapol.com;,118.123.213.86;
cdxhyl.net;cdxhyl.com;cdxhhhyl.com;,118.123.213.86;
5ivet.com;,180.186.1.139;
___.com;dcosi.com;,180.186.1.136;
twjway.com;,180.186.1.136;
1688.so;imaishu.com;bookmall.cc;zazhi.so;,118.123.213.34;
zazhi.cc;mai.cc;,110.75.127.128;
zazhidingyue.com;,222.73.180.158;
tfzsw.com;,61.188.87.89;
____.cn;,118.123.213.204;211.144.147.203;
jlrb.net.cn;,112.126.43.42;118.123.213.14;
dftwzk.com;,180.186.1.140;
scjunhui.com;,180.186.1.142;
hualinlp.com;,125.64.16.154;
xlhlpc.com;,125.65.111.21;
mxzmtq.com;,180.186.1.140;
youlong.net;,180.186.1.140;
sojojo.net;,180.186.1.139;
st-green.net;,180.186.1.140;
ql2z.com;,180.186.1.140;
cdqibeicha.com;,180.186.1.139;
toonanimationstudios.com;,118.122.36.32;
sc-cy.com;,175.45.22.194;
028ez.com;,118.123.213.72;
scqdw.com;scqdw.net;,125.65.111.92;
111148.com;111148.net;,61.188.37.25;
scmys.com;,180.186.1.136;
hengsheng028.com;,124.172.125.93;
samcd.cn;,61.188.87.177;
cdjrjg.com;______.com;____.com;_____.com;,124.172.125.93;
scxtn.com;,61.188.87.177;
qlbjxx.com;,125.65.109.29;
cd-lipin.com;,118.123.213.74;
cn-jzzl.com;rent666.com;,118.123.213.72;
pinruisc.com;pinruish.com;,125.65.109.89;
scwx.com.cn;,61.188.87.177;
tfwuliu.com;,61.188.87.184;
hycq.cn;,42.200.0.38;
lqyzx.gov.cn;,118.123.9.78;
100hg.cn;100hg.com.cn;,121.12.124.9;
100hg.com;,121.12.124.4;121.12.124.4;
huihui168.com;,121.37.40.247;58.61.153.196;
nfu365.com;,121.12.124.4;121.12.124.4;125.65.46.88;
scjcly.com;,61.188.87.56;
colable.com;,125.65.46.78;
jt1918.com;,125.65.111.117;
lzjlqh.com;,118.123.9.53;
tbskystep.com;__.com;,61.188.87.177;
cqjfx.com;,118.123.9.24;
v2xq.com;,118.123.213.20;
mshxdc.com;,125.65.111.21;
microking.cc;,180.186.1.37;
hensun.net;,61.188.87.181;
haohanzy.com;cylsjm.com;ztsjsgsjw.com;,125.65.111.106;125.65.111.99;
lvpeng-arthistory.com;,118.123.213.23;
myhongyuan.com;,61.188.87.56;
agmaogan.com;,125.65.111.90;
runtianjx.cn;,61.188.87.136;
dtjwx.com;,125.65.109.126;
simpleservice.cn;mindpro.cn;,218.6.173.52;221.10.245.39;
5itaxicab.com;,218.6.173.52;
hfmrgs.com;,125.65.111.75;
lzxrsm-shell.com.cn;,118.123.9.24;
cddnjy.com;,125.65.111.17;
maoyihao.cn;maoyihao.com;,125.65.111.21;
xiejuhui.com;,125.65.111.17;
wangqiuwen.com;,118.123.213.74;
0816bdc.com;0816bdc.cn;,60.191.254.90;
yakteam.org.cn;,125.65.111.107;
scmingch.cn;scmingch.com;,125.65.111.17;
cdxike.com;,125.65.111.117;
tyzly.com;,61.188.87.171;
forbidden404.com;,125.65.111.92;
ksgym.cn;ksgym.com;cdatpt.com;bestg.cn;,125.65.46.69;
aimincare.com;,125.65.111.117;
promote.net.cn;,61.188.87.178;
fdsofa.com;,125.65.111.17;
lundao.mobi;,61.188.37.37;
m-c2b.com;m-c2b.cn;m-c2b.com.cn;m-c2b.net;shangquan.mobi;,61.188.37.37;
leadindustrial.com.cn;,125.65.111.101;
nskm.cn;,125.65.111.17;
ybfmf.cn;,61.188.37.35;
shblct.cn;shblct.com.cn;,125.65.111.117;
xbg-cqnc.com;,125.65.111.117;
czkjwz.com;,125.65.111.117;
bp258.com.cn;sc01.cn;,125.65.111.117;
fulida188.com;,125.65.111.107;
cdit365.com;xiu-pc.com;,180.186.1.142;
cdhwrc.net;cdhwrc.org;,118.123.213.36;
develop-e.cn;,125.65.111.117;
kuangyefuwu.com;,61.188.87.103;
starlong.net;,61.188.87.179;
mytaofun.com;mytaofang.com;,118.123.10.100;
89ps.com;299k.com;seogs.com;,125.65.111.17;
181tm.cn;181tm.com;,118.123.213.72;
seatig.com;,118.123.213.36;
goldenbridgeeducation.com;,118.123.213.36;
uschinaceo.org;,118.123.213.36;
beianxin.com;,222.211.64.107;180.186.33.221;125.64.92.59;
cdprss.com;,180.186.1.136;
ndtcd.com;,125.65.111.108;
auswingroup.com;,125.65.111.117;
qxvacuum.com;,125.65.109.89;
91gezi.com;scxxs.com;scxxs.cn;100eec.com;,116.255.137.139;116.255.137.139;118.123.213.35;
ulfan.com;,118.123.213.74;
scyxt.com;scyxt.cn;sc-yxt.com;sc-yxt.cn;,219.153.48.138;
xyz1818.com;,96.44.137.130;
shzsh.org;,219.153.19.115;
chuanzhitech.com;,203.171.234.221;61.139.8.100;
richsc.net;,61.188.37.35;
cdzg.com;rr19.com;nn19.com;okk1.com;,125.65.111.90;
olivetree-cn.com;,219.153.19.5;
schx888.com;hxwood.cn;,210.51.169.59;219.153.19.115;
sc-chjx.com;,125.65.109.95;
pacific-sc.com;,118.123.213.31;125.71.225.80;
weiba114.com;,118.123.213.45;
sctxjt.com;,125.65.111.92;
xinchengge.cn;,118.123.213.24;
icdify.com;,125.65.111.117;
zhongdaoxingye.com;,125.65.111.117;
cdkaitong.com;,219.153.22.68;
tuhuiprint.com;,125.65.111.92;
kouyu120.cn;,123.71.255.155;
cdxy.org;,219.153.48.249;
vpointcg.com;,219.153.48.138;
tour110.com;,125.65.109.49;
57ems.com;,125.65.109.49;
cacheinfo.cn;,219.153.48.138;
gjy114.com;,118.123.213.25;
fkwc114.com;,118.123.213.25;
fkzx114.com;,118.123.213.25;
vdlya.com;,118.123.213.25;
vd120.com;,118.123.213.25;
68666666.com;,118.123.213.25;
fktj114.com;,118.123.213.25;
ydy114.com;,118.123.213.25;
tpy9999.com;,118.123.213.25;
yjb114.com;,118.123.213.25;
zgjl114.com.cn;,118.123.213.25;
itobuy.cn;itobuy.com;,125.65.111.92;
cpsac.org.cn;,219.153.22.57;
kqeye.com;,118.123.213.25;
eyebank.org.cn;,61.155.51.144;
lzqxjy.com;,118.123.9.24;
lzlljy.com.cn;,118.123.9.24;
xjxmz.cn;xjmz.sc;,219.153.22.68;
028116.com;028186.com;linmu777.com;,125.65.111.75;
92579.com;,125.67.234.187;
cdboda.net;,125.65.111.92;
taiyuls.com;,123.71.255.155;
lzngx.cn;,180.185.1.149;
lwdz.net;,125.65.109.35;
jiayuanpet.com;,125.65.111.114;
scjwyt.com;,125.65.111.92;
etamcom.com;,125.65.46.69;
tq120.net;tq120.org;tqx120.com;,125.65.111.92;
tuangou9.net;,96.44.137.130;
rlmcor.com;,125.65.111.65;
scqylh.com;,125.65.111.92;
17668.net;,61.188.87.118;
lszdaj.com;,125.65.111.107;
